,Date,Daily Energy Demand,Date_DateObj,Day
0,04/10/2018,7183786.0,2018-04-10,Tuesday
1,04/11/2018,1961585.0,2018-04-11,Wednesday
2,04/12/2018,6670701.0,2018-04-12,Thursday
3,04/13/2018,6643068.0,2018-04-13,Friday
4,04/14/2018,6183992.0,2018-04-14,Saturday
5,04/15/2018,5926078.0,2018-04-15,Sunday
6,04/16/2018,6619344.0,2018-04-16,Monday
7,04/17/2018,6567013.0,2018-04-17,Tuesday
8,04/18/2018,6739403.0,2018-04-18,Wednesday
9,04/19/2018,6649368.0,2018-04-19,Thursday
10,04/20/2018,6555433.0,2018-04-20,Friday
11,04/21/2018,6189051.0,2018-04-21,Saturday
12,04/22/2018,6132821.0,2018-04-22,Sunday
13,04/23/2018,7037529.0,2018-04-23,Monday
14,04/24/2018,7023228.0,2018-04-24,Tuesday
15,04/25/2018,7033868.0,2018-04-25,Wednesday
16,04/26/2018,6930003.0,2018-04-26,Thursday
17,04/27/2018,6760311.0,2018-04-27,Friday
18,04/28/2018,6146992.0,2018-04-28,Saturday
19,04/29/2018,5918845.0,2018-04-29,Sunday
20,04/30/2018,6728106.0,2018-04-30,Monday
21,05/01/2018,6879399.0,2018-05-01,Tuesday
22,05/02/2018,6896585.0,2018-05-02,Wednesday
23,05/03/2018,6854332.0,2018-05-03,Thursday
24,05/04/2018,7253934.0,2018-05-04,Friday
25,05/05/2018,6837449.0,2018-05-05,Saturday
26,05/06/2018,6471848.0,2018-05-06,Sunday
27,05/07/2018,7171153.0,2018-05-07,Monday
28,05/08/2018,7354820.0,2018-05-08,Tuesday
29,05/09/2018,7375317.0,2018-05-09,Wednesday
30,05/10/2018,7261983.0,2018-05-10,Thursday
31,05/11/2018,7053913.0,2018-05-11,Friday
32,05/12/2018,6482833.0,2018-05-12,Saturday
33,05/13/2018,6050270.0,2018-05-13,Sunday
34,05/14/2018,6828864.0,2018-05-14,Monday
35,05/15/2018,6952528.0,2018-05-15,Tuesday
36,05/16/2018,7017126.0,2018-05-16,Wednesday
37,05/17/2018,6952363.0,2018-05-17,Thursday
38,05/18/2018,7028078.0,2018-05-18,Friday
39,05/19/2018,6547116.0,2018-05-19,Saturday
40,05/20/2018,6231702.0,2018-05-20,Sunday
41,05/21/2018,6917822.0,2018-05-21,Monday
42,05/22/2018,7050215.0,2018-05-22,Tuesday
43,05/23/2018,7116490.0,2018-05-23,Wednesday
44,05/24/2018,7101116.0,2018-05-24,Thursday
45,05/25/2018,6921802.0,2018-05-25,Friday
46,05/26/2018,6229643.0,2018-05-26,Saturday
47,05/27/2018,6033239.0,2018-05-27,Sunday
48,05/28/2018,6724756.0,2018-05-28,Monday
49,05/29/2018,7759778.0,2018-05-29,Tuesday
50,05/30/2018,7309789.0,2018-05-30,Wednesday
51,05/31/2018,7019232.0,2018-05-31,Thursday
52,06/01/2018,7102936.0,2018-06-01,Friday
53,06/02/2018,7227367.0,2018-06-02,Saturday
54,06/03/2018,7367822.0,2018-06-03,Sunday
55,06/04/2018,7907596.0,2018-06-04,Monday
56,06/05/2018,7548803.0,2018-06-05,Tuesday
57,06/06/2018,7416619.0,2018-06-06,Wednesday
58,06/07/2018,7393519.0,2018-06-07,Thursday
59,06/08/2018,7688739.0,2018-06-08,Friday
60,06/09/2018,7089105.0,2018-06-09,Saturday
61,06/10/2018,6650793.0,2018-06-10,Sunday
62,06/11/2018,7838217.0,2018-06-11,Monday
63,06/12/2018,8360883.0,2018-06-12,Tuesday
64,06/13/2018,8552367.0,2018-06-13,Wednesday
65,06/14/2018,8385887.0,2018-06-14,Thursday
66,06/15/2018,7972092.0,2018-06-15,Friday
67,06/16/2018,6883771.0,2018-06-16,Saturday
68,06/17/2018,6276125.0,2018-06-17,Sunday
69,06/18/2018,7302753.0,2018-06-18,Monday
70,06/19/2018,7809412.0,2018-06-19,Tuesday
71,06/20/2018,8072912.0,2018-06-20,Wednesday
72,06/21/2018,8156286.0,2018-06-21,Thursday
73,06/22/2018,8508636.0,2018-06-22,Friday
74,06/23/2018,7977978.0,2018-06-23,Saturday
75,06/24/2018,7420059.0,2018-06-24,Sunday
76,06/25/2018,8066902.0,2018-06-25,Monday
77,06/26/2018,8273185.0,2018-06-26,Tuesday
78,06/27/2018,8173458.0,2018-06-27,Wednesday
79,06/28/2018,7939024.0,2018-06-28,Thursday
80,06/29/2018,7987188.0,2018-06-29,Friday
81,06/30/2018,7835369.0,2018-06-30,Saturday
82,07/01/2018,7656329.0,2018-07-01,Sunday
83,07/02/2018,8287965.0,2018-07-02,Monday
84,07/03/2018,8107241.0,2018-07-03,Tuesday
85,07/04/2018,7320580.0,2018-07-04,Wednesday
86,07/05/2018,8495089.0,2018-07-05,Thursday
87,07/06/2018,9943745.0,2018-07-06,Friday
88,07/07/2018,9799365.0,2018-07-07,Saturday
89,07/08/2018,9199132.0,2018-07-08,Sunday
90,07/09/2018,9785462.0,2018-07-09,Monday
91,07/10/2018,9790295.0,2018-07-10,Tuesday
92,07/11/2018,9696697.0,2018-07-11,Wednesday
93,07/12/2018,9728943.0,2018-07-12,Thursday
94,07/13/2018,9737639.0,2018-07-13,Friday
95,07/14/2018,9119343.0,2018-07-14,Saturday
96,07/15/2018,8678672.0,2018-07-15,Sunday
97,07/16/2018,9451956.0,2018-07-16,Monday
98,07/17/2018,9578651.0,2018-07-17,Tuesday
99,07/18/2018,9605984.0,2018-07-18,Wednesday
100,07/19/2018,9806307.0,2018-07-19,Thursday
101,07/20/2018,9600784.0,2018-07-20,Friday
102,07/21/2018,8990726.0,2018-07-21,Saturday
103,07/22/2018,8826904.0,2018-07-22,Sunday
104,07/23/2018,10168612.0,2018-07-23,Monday
105,07/24/2018,10471762.0,2018-07-24,Tuesday
106,07/25/2018,10482535.0,2018-07-25,Wednesday
107,07/26/2018,10166092.0,2018-07-26,Thursday
108,07/27/2018,9898979.0,2018-07-27,Friday
109,07/28/2018,9101655.0,2018-07-28,Saturday
110,07/29/2018,8874260.0,2018-07-29,Sunday
111,07/30/2018,9857711.0,2018-07-30,Monday
112,07/31/2018,9982263.0,2018-07-31,Tuesday
113,08/01/2018,10022582.0,2018-08-01,Wednesday
114,08/02/2018,9871996.0,2018-08-02,Thursday
115,08/03/2018,9803690.0,2018-08-03,Friday
116,08/04/2018,9134719.0,2018-08-04,Saturday
117,08/05/2018,8647165.0,2018-08-05,Sunday
118,08/06/2018,9748326.0,2018-08-06,Monday
119,08/07/2018,9973567.0,2018-08-07,Tuesday
120,08/08/2018,9968893.0,2018-08-08,Wednesday
121,08/09/2018,10200932.0,2018-08-09,Thursday
122,08/10/2018,10087821.0,2018-08-10,Friday
123,08/11/2018,9358114.0,2018-08-11,Saturday
124,08/12/2018,8948032.0,2018-08-12,Sunday
125,08/13/2018,9281510.0,2018-08-13,Monday
126,08/14/2018,9108928.0,2018-08-14,Tuesday
127,08/15/2018,9256289.0,2018-08-15,Wednesday
128,08/16/2018,9505691.0,2018-08-16,Thursday
129,08/17/2018,9764402.0,2018-08-17,Friday
130,08/18/2018,9168927.0,2018-08-18,Saturday
131,08/19/2018,8744888.0,2018-08-19,Sunday
132,08/20/2018,9271916.0,2018-08-20,Monday
133,08/21/2018,9069125.0,2018-08-21,Tuesday
134,08/22/2018,9071256.0,2018-08-22,Wednesday
135,08/23/2018,8892193.0,2018-08-23,Thursday
136,08/24/2018,8531669.0,2018-08-24,Friday
137,08/25/2018,7944301.0,2018-08-25,Saturday
138,08/26/2018,7619548.0,2018-08-26,Sunday
139,08/27/2018,8261350.0,2018-08-27,Monday
140,08/28/2018,8319108.0,2018-08-28,Tuesday
141,08/29/2018,8581202.0,2018-08-29,Wednesday
142,08/30/2018,8528352.0,2018-08-30,Thursday
143,08/31/2018,8386658.0,2018-08-31,Friday
144,09/01/2018,7677483.0,2018-09-01,Saturday
145,09/02/2018,7425644.0,2018-09-02,Sunday
146,09/03/2018,7730692.0,2018-09-03,Monday
147,09/04/2018,8478873.0,2018-09-04,Tuesday
148,09/05/2018,8486221.0,2018-09-05,Wednesday
149,09/06/2018,8451041.0,2018-09-06,Thursday
150,09/07/2018,8722521.0,2018-09-07,Friday
151,09/08/2018,8440519.0,2018-09-08,Saturday
152,09/09/2018,8009246.0,2018-09-09,Sunday
153,09/10/2018,8508612.0,2018-09-10,Monday
154,09/11/2018,8303985.0,2018-09-11,Tuesday
155,09/12/2018,8095178.0,2018-09-12,Wednesday
156,09/13/2018,8051625.0,2018-09-13,Thursday
157,09/14/2018,8165653.0,2018-09-14,Friday
158,09/15/2018,7524308.0,2018-09-15,Saturday
159,09/16/2018,7223801.0,2018-09-16,Sunday
160,09/17/2018,7881922.0,2018-09-17,Monday
161,09/18/2018,7830683.0,2018-09-18,Tuesday
162,09/19/2018,7846636.0,2018-09-19,Wednesday
163,09/20/2018,8094628.0,2018-09-20,Thursday
164,09/21/2018,8222210.0,2018-09-21,Friday
165,09/22/2018,7757339.0,2018-09-22,Saturday
166,09/23/2018,7363586.0,2018-09-23,Sunday
167,09/24/2018,7881279.0,2018-09-24,Monday
168,09/25/2018,7820171.0,2018-09-25,Tuesday
169,09/26/2018,8162710.0,2018-09-26,Wednesday
170,09/27/2018,8360822.0,2018-09-27,Thursday
171,09/28/2018,8119261.0,2018-09-28,Friday
172,09/29/2018,7251572.0,2018-09-29,Saturday
173,09/30/2018,7100684.0,2018-09-30,Sunday
174,10/01/2018,8256071.0,2018-10-01,Monday
175,10/02/2018,8046258.0,2018-10-02,Tuesday
176,10/03/2018,7847652.0,2018-10-03,Wednesday
177,10/04/2018,7585160.0,2018-10-04,Thursday
178,10/05/2018,7363268.0,2018-10-05,Friday
179,10/06/2018,6667698.0,2018-10-06,Saturday
180,10/07/2018,6413946.0,2018-10-07,Sunday
181,10/08/2018,7292772.0,2018-10-08,Monday
182,10/09/2018,7314678.0,2018-10-09,Tuesday
183,10/10/2018,7165400.0,2018-10-10,Wednesday
184,10/11/2018,7169172.0,2018-10-11,Thursday
185,10/12/2018,7201780.0,2018-10-12,Friday
186,10/13/2018,6519135.0,2018-10-13,Saturday
187,10/14/2018,6180817.0,2018-10-14,Sunday
188,10/15/2018,6823411.0,2018-10-15,Monday
189,10/16/2018,6932253.0,2018-10-16,Tuesday
190,10/17/2018,7010369.0,2018-10-17,Wednesday
191,10/18/2018,7147807.0,2018-10-18,Thursday
192,10/19/2018,7246067.0,2018-10-19,Friday
193,10/20/2018,6699518.0,2018-10-20,Saturday
194,10/21/2018,6401400.0,2018-10-21,Sunday
195,10/22/2018,7020186.0,2018-10-22,Monday
196,10/23/2018,7181796.0,2018-10-23,Tuesday
197,10/24/2018,7245667.0,2018-10-24,Wednesday
198,10/25/2018,7370364.0,2018-10-25,Thursday
199,10/26/2018,7341000.0,2018-10-26,Friday
200,10/27/2018,6827891.0,2018-10-27,Saturday
201,10/28/2018,6460878.0,2018-10-28,Sunday
202,10/29/2018,7098369.0,2018-10-29,Monday
203,10/30/2018,7107335.0,2018-10-30,Tuesday
204,10/31/2018,7083453.0,2018-10-31,Wednesday
205,11/01/2018,7219607.0,2018-11-01,Thursday
206,11/02/2018,7314240.0,2018-11-02,Friday
207,11/03/2018,6700222.0,2018-11-03,Saturday
208,11/04/2018,6437539.0,2018-11-04,Sunday
209,11/05/2018,7002422.0,2018-11-05,Monday
210,11/06/2018,6960699.0,2018-11-06,Tuesday
211,11/07/2018,7011874.0,2018-11-07,Wednesday
212,11/08/2018,6928909.0,2018-11-08,Thursday
213,11/09/2018,6914207.0,2018-11-09,Friday
214,11/10/2018,6508278.0,2018-11-10,Saturday
215,11/11/2018,6224525.0,2018-11-11,Sunday
216,11/12/2018,6913461.0,2018-11-12,Monday
217,11/13/2018,7113637.0,2018-11-13,Tuesday
218,11/14/2018,7168852.0,2018-11-14,Wednesday
219,11/15/2018,7110670.0,2018-11-15,Thursday
220,11/16/2018,7119038.0,2018-11-16,Friday
221,11/17/2018,6587821.0,2018-11-17,Saturday
222,11/18/2018,6363001.0,2018-11-18,Sunday
223,11/19/2018,7095584.0,2018-11-19,Monday
224,11/20/2018,7065403.0,2018-11-20,Tuesday
225,11/21/2018,7046536.0,2018-11-21,Wednesday
226,11/22/2018,6060976.0,2018-11-22,Thursday
227,11/23/2018,6287158.0,2018-11-23,Friday
228,11/24/2018,6192527.0,2018-11-24,Saturday
229,11/25/2018,6132015.0,2018-11-25,Sunday
230,11/26/2018,6915525.0,2018-11-26,Monday
231,11/27/2018,6998213.0,2018-11-27,Tuesday
232,11/28/2018,7044772.0,2018-11-28,Wednesday
233,11/29/2018,7107665.0,2018-11-29,Thursday
234,11/30/2018,6884153.0,2018-11-30,Friday
235,12/01/2018,6501371.0,2018-12-01,Saturday
236,12/02/2018,6324972.0,2018-12-02,Sunday
237,12/03/2018,7012493.0,2018-12-03,Monday
238,12/04/2018,7163190.0,2018-12-04,Tuesday
239,12/05/2018,7291395.0,2018-12-05,Wednesday
240,12/06/2018,7242411.0,2018-12-06,Thursday
241,12/07/2018,6972013.0,2018-12-07,Friday
242,12/08/2018,6438177.0,2018-12-08,Saturday
243,12/09/2018,6385715.0,2018-12-09,Sunday
244,12/10/2018,7138182.0,2018-12-10,Monday
245,12/11/2018,7084203.0,2018-12-11,Tuesday
246,12/12/2018,7045754.0,2018-12-12,Wednesday
247,12/13/2018,7037983.0,2018-12-13,Thursday
248,12/14/2018,7169859.0,2018-12-14,Friday
249,12/15/2018,6451272.0,2018-12-15,Saturday
250,12/16/2018,6386409.0,2018-12-16,Sunday
251,12/17/2018,6875790.0,2018-12-17,Monday
252,12/18/2018,6928302.0,2018-12-18,Tuesday
253,12/19/2018,6991511.0,2018-12-19,Wednesday
254,12/20/2018,7064426.0,2018-12-20,Thursday
255,12/21/2018,6921809.0,2018-12-21,Friday
256,12/22/2018,6432440.0,2018-12-22,Saturday
257,12/23/2018,6238394.0,2018-12-23,Sunday
258,12/24/2018,6296669.0,2018-12-24,Monday
259,12/25/2018,5893254.0,2018-12-25,Tuesday
260,12/26/2018,6605226.0,2018-12-26,Wednesday
261,12/27/2018,6810415.0,2018-12-27,Thursday
262,12/28/2018,6879276.0,2018-12-28,Friday
263,12/29/2018,6541512.0,2018-12-29,Saturday
264,12/30/2018,6311963.0,2018-12-30,Sunday
265,12/31/2018,6608540.0,2018-12-31,Monday
266,01/01/2019,6281990.0,2019-01-01,Tuesday
267,01/02/2019,6950769.0,2019-01-02,Wednesday
268,01/03/2019,7128532.0,2019-01-03,Thursday
269,01/04/2019,7036650.0,2019-01-04,Friday
270,01/05/2019,6872325.0,2019-01-05,Saturday
271,01/06/2019,6489217.0,2019-01-06,Sunday
272,01/07/2019,6916680.0,2019-01-07,Monday
273,01/08/2019,6914532.0,2019-01-08,Tuesday
274,01/09/2019,6868646.0,2019-01-09,Wednesday
275,01/10/2019,6831083.0,2019-01-10,Thursday
276,01/11/2019,6906619.0,2019-01-11,Friday
277,01/12/2019,6297367.0,2019-01-12,Saturday
278,01/13/2019,6130821.0,2019-01-13,Sunday
279,01/14/2019,7132872.0,2019-01-14,Monday
280,01/15/2019,7142521.0,2019-01-15,Tuesday
281,01/16/2019,6996068.0,2019-01-16,Wednesday
282,01/17/2019,6972139.0,2019-01-17,Thursday
283,01/18/2019,6653954.0,2019-01-18,Friday
284,01/19/2019,6041783.0,2019-01-19,Saturday
285,01/20/2019,5937543.0,2019-01-20,Sunday
286,01/21/2019,6513632.0,2019-01-21,Monday
287,01/22/2019,6815673.0,2019-01-22,Tuesday
288,01/23/2019,6825587.0,2019-01-23,Wednesday
289,01/24/2019,6775859.0,2019-01-24,Thursday
290,01/25/2019,6659771.0,2019-01-25,Friday
291,01/26/2019,6117561.0,2019-01-26,Saturday
292,01/27/2019,5810743.0,2019-01-27,Sunday
293,01/28/2019,6669090.0,2019-01-28,Monday
294,01/29/2019,6665722.0,2019-01-29,Tuesday
295,01/30/2019,6623410.0,2019-01-30,Wednesday
296,01/31/2019,6752814.0,2019-01-31,Thursday
297,02/01/2019,6732136.0,2019-02-01,Friday
298,02/02/2019,6405436.0,2019-02-02,Saturday
299,02/03/2019,6177610.0,2019-02-03,Sunday
300,02/04/2019,6944493.0,2019-02-04,Monday
301,02/05/2019,7014754.0,2019-02-05,Tuesday
302,02/06/2019,7022453.0,2019-02-06,Wednesday
303,02/07/2019,7055462.0,2019-02-07,Thursday
304,02/08/2019,6955399.0,2019-02-08,Friday
305,02/09/2019,6439814.0,2019-02-09,Saturday
306,02/10/2019,6327475.0,2019-02-10,Sunday
307,02/11/2019,6897402.0,2019-02-11,Monday
308,02/12/2019,7135897.0,2019-02-12,Tuesday
309,02/13/2019,7159971.0,2019-02-13,Wednesday
310,02/14/2019,6935622.0,2019-02-14,Thursday
311,02/15/2019,6810641.0,2019-02-15,Friday
312,02/16/2019,6271296.0,2019-02-16,Saturday
313,02/17/2019,6178436.0,2019-02-17,Sunday
314,02/18/2019,6709773.0,2019-02-18,Monday
315,02/19/2019,6994784.0,2019-02-19,Tuesday
316,02/20/2019,7221650.0,2019-02-20,Wednesday
317,02/21/2019,7171385.0,2019-02-21,Thursday
318,02/22/2019,6916386.0,2019-02-22,Friday
319,02/23/2019,6393735.0,2019-02-23,Saturday
320,02/24/2019,5991494.0,2019-02-24,Sunday
321,02/25/2019,6722023.0,2019-02-25,Monday
322,02/26/2019,6850413.0,2019-02-26,Tuesday
323,02/27/2019,6687751.0,2019-02-27,Wednesday
324,02/28/2019,6545169.0,2019-02-28,Thursday
325,03/01/2019,6523061.0,2019-03-01,Friday
326,03/02/2019,6242636.0,2019-03-02,Saturday
327,03/03/2019,5873287.0,2019-03-03,Sunday
328,03/04/2019,6604854.0,2019-03-04,Monday
329,03/05/2019,6915981.0,2019-03-05,Tuesday
330,03/06/2019,6899241.0,2019-03-06,Wednesday
331,03/07/2019,6740553.0,2019-03-07,Thursday
332,03/08/2019,6672803.0,2019-03-08,Friday
333,03/09/2019,6353094.0,2019-03-09,Saturday
334,03/10/2019,5863206.0,2019-03-10,Sunday
335,03/11/2019,6813654.0,2019-03-11,Monday
336,03/12/2019,6613235.0,2019-03-12,Tuesday
337,03/13/2019,6350376.0,2019-03-13,Wednesday
338,03/14/2019,6540244.0,2019-03-14,Thursday
339,03/15/2019,6310250.0,2019-03-15,Friday
340,03/16/2019,5957709.0,2019-03-16,Saturday
341,03/17/2019,5788496.0,2019-03-17,Sunday
342,03/18/2019,6491205.0,2019-03-18,Monday
343,03/19/2019,6594327.0,2019-03-19,Tuesday
344,03/20/2019,6612292.0,2019-03-20,Wednesday
345,03/21/2019,6517925.0,2019-03-21,Thursday
346,03/22/2019,6533249.0,2019-03-22,Friday
347,03/23/2019,5924443.0,2019-03-23,Saturday
348,03/24/2019,5620135.0,2019-03-24,Sunday
349,03/25/2019,6531622.0,2019-03-25,Monday
350,03/26/2019,6482291.0,2019-03-26,Tuesday
351,03/27/2019,6557816.0,2019-03-27,Wednesday
352,03/28/2019,6489587.0,2019-03-28,Thursday
353,03/29/2019,6348051.0,2019-03-29,Friday
354,03/30/2019,5864134.0,2019-03-30,Saturday
355,03/31/2019,5749010.0,2019-03-31,Sunday
356,04/01/2019,6654923.0,2019-04-01,Monday
357,04/02/2019,6587092.0,2019-04-02,Tuesday
358,04/03/2019,6613741.0,2019-04-03,Wednesday
359,04/04/2019,6656225.0,2019-04-04,Thursday
360,04/05/2019,6543895.0,2019-04-05,Friday
361,04/06/2019,5913362.0,2019-04-06,Saturday
362,04/07/2019,5840094.0,2019-04-07,Sunday
363,04/08/2019,6781642.0,2019-04-08,Monday
364,04/09/2019,6420959.0,2019-04-09,Tuesday
365,04/10/2019,6455203.0,2019-04-10,Wednesday
366,04/11/2019,6629272.0,2019-04-11,Thursday
367,04/12/2019,6458655.0,2019-04-12,Friday
368,04/13/2019,5970308.0,2019-04-13,Saturday
369,04/14/2019,5715049.0,2019-04-14,Sunday
370,04/15/2019,6548844.0,2019-04-15,Monday
371,04/16/2019,6671303.0,2019-04-16,Tuesday
372,04/17/2019,6665638.0,2019-04-17,Wednesday
373,04/18/2019,6999612.0,2019-04-18,Thursday
374,04/19/2019,6834867.0,2019-04-19,Friday
375,04/20/2019,6081402.0,2019-04-20,Saturday
376,04/21/2019,5613754.0,2019-04-21,Sunday
377,04/22/2019,6540971.0,2019-04-22,Monday
378,04/23/2019,7023700.0,2019-04-23,Tuesday
379,04/24/2019,7340348.0,2019-04-24,Wednesday
380,04/25/2019,7395208.0,2019-04-25,Thursday
381,04/26/2019,7137258.0,2019-04-26,Friday
382,04/27/2019,6393000.0,2019-04-27,Saturday
383,04/28/2019,6070340.0,2019-04-28,Sunday
384,04/29/2019,6708530.0,2019-04-29,Monday
385,04/30/2019,6714621.0,2019-04-30,Tuesday
386,05/01/2019,6685972.0,2019-05-01,Wednesday
387,05/02/2019,6803456.0,2019-05-02,Thursday
388,05/03/2019,6823305.0,2019-05-03,Friday
389,05/04/2019,6255486.0,2019-05-04,Saturday
390,05/05/2019,5860160.0,2019-05-05,Sunday
391,05/06/2019,6696827.0,2019-05-06,Monday
392,05/07/2019,6796972.0,2019-05-07,Tuesday
393,05/08/2019,6945801.0,2019-05-08,Wednesday
394,05/09/2019,6999848.0,2019-05-09,Thursday
395,05/10/2019,6804208.0,2019-05-10,Friday
396,05/11/2019,6246530.0,2019-05-11,Saturday
397,05/12/2019,6053131.0,2019-05-12,Sunday
398,05/13/2019,6845213.0,2019-05-13,Monday
399,05/14/2019,6973777.0,2019-05-14,Tuesday
400,05/15/2019,6999053.0,2019-05-15,Wednesday
401,05/16/2019,6644953.0,2019-05-16,Thursday
402,05/17/2019,6376651.0,2019-05-17,Friday
403,05/18/2019,6115712.0,2019-05-18,Saturday
404,05/19/2019,5794779.0,2019-05-19,Sunday
405,05/20/2019,6277977.0,2019-05-20,Monday
406,05/21/2019,6480610.0,2019-05-21,Tuesday
407,05/22/2019,6465104.0,2019-05-22,Wednesday
408,05/23/2019,6650814.0,2019-05-23,Thursday
409,05/24/2019,6383347.0,2019-05-24,Friday
410,05/25/2019,5792362.0,2019-05-25,Saturday
411,05/26/2019,5675058.0,2019-05-26,Sunday
412,05/27/2019,5588912.0,2019-05-27,Monday
413,05/28/2019,6374295.0,2019-05-28,Tuesday
414,05/29/2019,6721941.0,2019-05-29,Wednesday
415,05/30/2019,6846589.0,2019-05-30,Thursday
416,05/31/2019,6910809.0,2019-05-31,Friday
417,06/01/2019,6462943.0,2019-06-01,Saturday
418,06/02/2019,6192170.0,2019-06-02,Sunday
419,06/03/2019,7108199.0,2019-06-03,Monday
420,06/04/2019,7674573.0,2019-06-04,Tuesday
421,06/05/2019,8025814.0,2019-06-05,Wednesday
422,06/06/2019,7508206.0,2019-06-06,Thursday
423,06/07/2019,7013969.0,2019-06-07,Friday
424,06/08/2019,6722037.0,2019-06-08,Saturday
425,06/09/2019,7133799.0,2019-06-09,Sunday
426,06/10/2019,8957854.0,2019-06-10,Monday
427,06/11/2019,9508169.0,2019-06-11,Tuesday
428,06/12/2019,9190755.0,2019-06-12,Wednesday
429,06/13/2019,8053295.0,2019-06-13,Thursday
430,06/14/2019,7472281.0,2019-06-14,Friday
431,06/15/2019,6897851.0,2019-06-15,Saturday
432,06/16/2019,6548394.0,2019-06-16,Sunday
433,06/17/2019,7572582.0,2019-06-17,Monday
434,06/18/2019,7964986.0,2019-06-18,Tuesday
435,06/19/2019,8029561.0,2019-06-19,Wednesday
436,06/20/2019,7624092.0,2019-06-20,Thursday
437,06/21/2019,7238972.0,2019-06-21,Friday
438,06/22/2019,6918096.0,2019-06-22,Saturday
439,06/23/2019,7130954.0,2019-06-23,Sunday
440,06/24/2019,7891823.0,2019-06-24,Monday
441,06/25/2019,7651265.0,2019-06-25,Tuesday
442,06/26/2019,7359160.0,2019-06-26,Wednesday
443,06/27/2019,7327226.0,2019-06-27,Thursday
444,06/28/2019,7391390.0,2019-06-28,Friday
445,06/29/2019,6990324.0,2019-06-29,Saturday
446,06/30/2019,6957666.0,2019-06-30,Sunday
447,07/01/2019,7803538.0,2019-07-01,Monday
448,07/02/2019,7866840.0,2019-07-02,Tuesday
449,07/03/2019,7721632.0,2019-07-03,Wednesday
450,07/04/2019,6934662.0,2019-07-04,Thursday
451,07/05/2019,7522984.0,2019-07-05,Friday
452,07/06/2019,7275763.0,2019-07-06,Saturday
453,07/07/2019,6790239.0,2019-07-07,Sunday
454,07/08/2019,7374218.0,2019-07-08,Monday
455,07/09/2019,7740056.0,2019-07-09,Tuesday
456,07/10/2019,8168204.0,2019-07-10,Wednesday
457,07/11/2019,8523681.0,2019-07-11,Thursday
458,07/12/2019,8741977.0,2019-07-12,Friday
459,07/13/2019,8338066.0,2019-07-13,Saturday
460,07/14/2019,7994888.0,2019-07-14,Sunday
461,07/15/2019,8897536.0,2019-07-15,Monday
462,07/16/2019,8808283.0,2019-07-16,Tuesday
463,07/17/2019,8611405.0,2019-07-17,Wednesday
464,07/18/2019,8543298.0,2019-07-18,Thursday
465,07/19/2019,8187806.0,2019-07-19,Friday
466,07/20/2019,7541840.0,2019-07-20,Saturday
467,07/21/2019,7702464.0,2019-07-21,Sunday
468,07/22/2019,8994890.0,2019-07-22,Monday
469,07/23/2019,9597380.0,2019-07-23,Tuesday
470,07/24/2019,9749131.0,2019-07-24,Wednesday
471,07/25/2019,9632925.0,2019-07-25,Thursday
472,07/26/2019,9646398.0,2019-07-26,Friday
473,07/27/2019,9159401.0,2019-07-27,Saturday
474,07/28/2019,8833030.0,2019-07-28,Sunday
475,07/29/2019,9039418.0,2019-07-29,Monday
476,07/30/2019,8789365.0,2019-07-30,Tuesday
477,07/31/2019,8823754.0,2019-07-31,Wednesday
478,08/01/2019,8885089.0,2019-08-01,Thursday
479,08/02/2019,8873114.0,2019-08-02,Friday
480,08/03/2019,8507483.0,2019-08-03,Saturday
481,08/04/2019,8271510.0,2019-08-04,Sunday
482,08/05/2019,9112275.0,2019-08-05,Monday
483,08/06/2019,9259045.0,2019-08-06,Tuesday
484,08/07/2019,8897118.0,2019-08-07,Wednesday
485,08/08/2019,8461663.0,2019-08-08,Thursday
486,08/09/2019,8235884.0,2019-08-09,Friday
487,08/10/2019,7635980.0,2019-08-10,Saturday
488,08/11/2019,7404400.0,2019-08-11,Sunday
489,08/12/2019,8544081.0,2019-08-12,Monday
490,08/13/2019,9006890.0,2019-08-13,Tuesday
491,08/14/2019,9506635.0,2019-08-14,Wednesday
492,08/15/2019,9649886.0,2019-08-15,Thursday
493,08/16/2019,9261785.0,2019-08-16,Friday
494,08/17/2019,7903216.0,2019-08-17,Saturday
495,08/18/2019,7352477.0,2019-08-18,Sunday
496,08/19/2019,8205982.0,2019-08-19,Monday
497,08/20/2019,8469922.0,2019-08-20,Tuesday
498,08/21/2019,8855049.0,2019-08-21,Wednesday
499,08/22/2019,8988490.0,2019-08-22,Thursday
500,08/23/2019,8807218.0,2019-08-23,Friday
501,08/24/2019,8544883.0,2019-08-24,Saturday
502,08/25/2019,8583416.0,2019-08-25,Sunday
503,08/26/2019,9586814.0,2019-08-26,Monday
504,08/27/2019,9628857.0,2019-08-27,Tuesday
505,08/28/2019,9233729.0,2019-08-28,Wednesday
506,08/29/2019,9283218.0,2019-08-29,Thursday
507,08/30/2019,9262669.0,2019-08-30,Friday
508,08/31/2019,8663536.0,2019-08-31,Saturday
509,09/01/2019,8455941.0,2019-09-01,Sunday
510,09/02/2019,8936347.0,2019-09-02,Monday
511,09/03/2019,9763947.0,2019-09-03,Tuesday
512,09/04/2019,9884461.0,2019-09-04,Wednesday
513,09/05/2019,9758252.0,2019-09-05,Thursday
514,09/06/2019,9477109.0,2019-09-06,Friday
515,09/07/2019,8335181.0,2019-09-07,Saturday
516,09/08/2019,7252422.0,2019-09-08,Sunday
517,09/09/2019,7995992.0,2019-09-09,Monday
518,09/10/2019,7837470.0,2019-09-10,Tuesday
519,09/11/2019,7959002.0,2019-09-11,Wednesday
520,09/12/2019,8620501.0,2019-09-12,Thursday
521,09/13/2019,9190075.0,2019-09-13,Friday
522,09/14/2019,8660791.0,2019-09-14,Saturday
523,09/15/2019,7802259.0,2019-09-15,Sunday
524,09/16/2019,8110275.0,2019-09-16,Monday
525,09/17/2019,7847733.0,2019-09-17,Tuesday
526,09/18/2019,7862347.0,2019-09-18,Wednesday
527,09/19/2019,7632385.0,2019-09-19,Thursday
528,09/20/2019,7634781.0,2019-09-20,Friday
529,09/21/2019,7378512.0,2019-09-21,Saturday
530,09/22/2019,7339297.0,2019-09-22,Sunday
531,09/23/2019,8168821.0,2019-09-23,Monday
532,09/24/2019,8622009.0,2019-09-24,Tuesday
533,09/25/2019,8925342.0,2019-09-25,Wednesday
534,09/26/2019,8386368.0,2019-09-26,Thursday
535,09/27/2019,7782178.0,2019-09-27,Friday
536,09/28/2019,6694934.0,2019-09-28,Saturday
537,09/29/2019,6138885.0,2019-09-29,Sunday
538,09/30/2019,6721936.0,2019-09-30,Monday
539,10/01/2019,6546392.0,2019-10-01,Tuesday
540,10/02/2019,6814685.0,2019-10-02,Wednesday
541,10/03/2019,7007122.0,2019-10-03,Thursday
542,10/04/2019,6885889.0,2019-10-04,Friday
543,10/05/2019,6470383.0,2019-10-05,Saturday
544,10/06/2019,6437196.0,2019-10-06,Sunday
545,10/07/2019,7442217.0,2019-10-07,Monday
546,10/08/2019,7432275.0,2019-10-08,Tuesday
547,10/09/2019,6906841.0,2019-10-09,Wednesday
548,10/10/2019,6844389.0,2019-10-10,Thursday
549,10/11/2019,6959218.0,2019-10-11,Friday
550,10/12/2019,6423974.0,2019-10-12,Saturday
551,10/13/2019,6131194.0,2019-10-13,Sunday
552,10/14/2019,6787687.0,2019-10-14,Monday
553,10/15/2019,7062608.0,2019-10-15,Tuesday
554,10/16/2019,7267785.0,2019-10-16,Wednesday
555,10/17/2019,7015855.0,2019-10-17,Thursday
556,10/18/2019,6859725.0,2019-10-18,Friday
557,10/19/2019,6363113.0,2019-10-19,Saturday
558,10/20/2019,6228023.0,2019-10-20,Sunday
559,10/21/2019,7302884.0,2019-10-21,Monday
560,10/22/2019,7650832.0,2019-10-22,Tuesday
561,10/23/2019,7629950.0,2019-10-23,Wednesday
562,10/24/2019,7789203.0,2019-10-24,Thursday
563,10/25/2019,7707028.0,2019-10-25,Friday
564,10/26/2019,6670791.0,2019-10-26,Saturday
565,10/27/2019,5721919.0,2019-10-27,Sunday
566,10/28/2019,6452575.0,2019-10-28,Monday
567,10/29/2019,6591771.0,2019-10-29,Tuesday
568,10/30/2019,6653302.0,2019-10-30,Wednesday
569,10/31/2019,6734350.0,2019-10-31,Thursday
570,11/01/2019,6802810.0,2019-11-01,Friday
571,11/02/2019,6278907.0,2019-11-02,Saturday
572,11/03/2019,6043064.0,2019-11-03,Sunday
573,11/04/2019,6810575.0,2019-11-04,Monday
574,11/05/2019,6937409.0,2019-11-05,Tuesday
575,11/06/2019,6962152.0,2019-11-06,Wednesday
576,11/07/2019,7007764.0,2019-11-07,Thursday
577,11/08/2019,7027637.0,2019-11-08,Friday
578,11/09/2019,6508586.0,2019-11-09,Saturday
579,11/10/2019,6119926.0,2019-11-10,Sunday
580,11/11/2019,6683469.0,2019-11-11,Monday
581,11/12/2019,6816039.0,2019-11-12,Tuesday
582,11/13/2019,6767364.0,2019-11-13,Wednesday
583,11/14/2019,6763991.0,2019-11-14,Thursday
584,11/15/2019,6662253.0,2019-11-15,Friday
585,11/16/2019,6167720.0,2019-11-16,Saturday
586,11/17/2019,6232491.0,2019-11-17,Sunday
587,11/18/2019,7010610.0,2019-11-18,Monday
588,11/19/2019,6987263.0,2019-11-19,Tuesday
589,11/20/2019,6949601.0,2019-11-20,Wednesday
590,11/21/2019,6873450.0,2019-11-21,Thursday
591,11/22/2019,6823661.0,2019-11-22,Friday
592,11/23/2019,6311939.0,2019-11-23,Saturday
593,11/24/2019,6116025.0,2019-11-24,Sunday
594,11/25/2019,6738005.0,2019-11-25,Monday
595,11/26/2019,7040535.0,2019-11-26,Tuesday
596,11/27/2019,7084894.0,2019-11-27,Wednesday
597,11/28/2019,6598721.0,2019-11-28,Thursday
598,11/29/2019,6493431.0,2019-11-29,Friday
599,11/30/2019,6707463.0,2019-11-30,Saturday
600,12/01/2019,6515533.0,2019-12-01,Sunday
601,12/02/2019,7019542.0,2019-12-02,Monday
602,12/03/2019,7156212.0,2019-12-03,Tuesday
603,12/04/2019,7268486.0,2019-12-04,Wednesday
604,12/05/2019,7001108.0,2019-12-05,Thursday
605,12/06/2019,6988579.0,2019-12-06,Friday
606,12/07/2019,6643459.0,2019-12-07,Saturday
607,12/08/2019,6340783.0,2019-12-08,Sunday
608,12/09/2019,6964494.0,2019-12-09,Monday
609,12/10/2019,7132831.0,2019-12-10,Tuesday
610,12/11/2019,7191067.0,2019-12-11,Wednesday
611,12/12/2019,7046132.0,2019-12-12,Thursday
612,12/13/2019,6994423.0,2019-12-13,Friday
613,12/14/2019,6512420.0,2019-12-14,Saturday
614,12/15/2019,6340921.0,2019-12-15,Sunday
615,12/16/2019,7186883.0,2019-12-16,Monday
616,12/17/2019,7372750.0,2019-12-17,Tuesday
617,12/18/2019,7450270.0,2019-12-18,Wednesday
618,12/19/2019,7253217.0,2019-12-19,Thursday
619,12/20/2019,7112694.0,2019-12-20,Friday
620,12/21/2019,6748523.0,2019-12-21,Saturday
621,12/22/2019,6630804.0,2019-12-22,Sunday
622,12/23/2019,7217504.0,2019-12-23,Monday
623,12/24/2019,6709957.0,2019-12-24,Tuesday
624,12/25/2019,6348850.0,2019-12-25,Wednesday
625,12/26/2019,7038198.0,2019-12-26,Thursday
626,12/27/2019,6914313.0,2019-12-27,Friday
627,12/28/2019,6521033.0,2019-12-28,Saturday
628,12/29/2019,6521312.0,2019-12-29,Sunday
629,12/30/2019,6876173.0,2019-12-30,Monday
630,12/31/2019,6516967.0,2019-12-31,Tuesday
631,01/01/2020,5974372.0,2020-01-01,Wednesday
632,01/02/2020,6597251.0,2020-01-02,Thursday
633,01/03/2020,6650406.0,2020-01-03,Friday
634,01/04/2020,6206917.0,2020-01-04,Saturday
635,01/05/2020,6102242.0,2020-01-05,Sunday
636,01/06/2020,6680991.0,2020-01-06,Monday
637,01/07/2020,6814436.0,2020-01-07,Tuesday
638,01/08/2020,6843193.0,2020-01-08,Wednesday
639,01/09/2020,6895318.0,2020-01-09,Thursday
640,01/10/2020,6762653.0,2020-01-10,Friday
641,01/11/2020,6206318.0,2020-01-11,Saturday
642,01/12/2020,6104001.0,2020-01-12,Sunday
643,01/13/2020,6755110.0,2020-01-13,Monday
644,01/14/2020,6810947.0,2020-01-14,Tuesday
645,01/15/2020,6932217.0,2020-01-15,Wednesday
646,01/16/2020,7174229.0,2020-01-16,Thursday
647,01/17/2020,6953526.0,2020-01-17,Friday
648,01/18/2020,6446046.0,2020-01-18,Saturday
649,01/19/2020,6346659.0,2020-01-19,Sunday
650,01/20/2020,6954303.0,2020-01-20,Monday
651,01/21/2020,6968164.0,2020-01-21,Tuesday
652,01/22/2020,6742956.0,2020-01-22,Wednesday
653,01/23/2020,6815141.0,2020-01-23,Thursday
654,01/24/2020,6704005.0,2020-01-24,Friday
655,01/25/2020,6167237.0,2020-01-25,Saturday
656,01/26/2020,6073968.0,2020-01-26,Sunday
657,01/27/2020,6718606.0,2020-01-27,Monday
658,01/28/2020,6806208.0,2020-01-28,Tuesday
659,01/29/2020,6874980.0,2020-01-29,Wednesday
660,01/30/2020,6852525.0,2020-01-30,Thursday
661,01/31/2020,6724954.0,2020-01-31,Friday
662,02/01/2020,6164517.0,2020-02-01,Saturday
663,02/02/2020,5984214.0,2020-02-02,Sunday
664,02/03/2020,6872658.0,2020-02-03,Monday
665,02/04/2020,7134047.0,2020-02-04,Tuesday
666,02/05/2020,7157432.0,2020-02-05,Wednesday
667,02/06/2020,6929295.0,2020-02-06,Thursday
668,02/07/2020,6809994.0,2020-02-07,Friday
669,02/08/2020,6242052.0,2020-02-08,Saturday
670,02/09/2020,6219549.0,2020-02-09,Sunday
671,02/10/2020,6895250.0,2020-02-10,Monday
672,02/11/2020,6856673.0,2020-02-11,Tuesday
673,02/12/2020,6775839.0,2020-02-12,Wednesday
674,02/13/2020,6834666.0,2020-02-13,Thursday
675,02/14/2020,6720868.0,2020-02-14,Friday
676,02/15/2020,6118364.0,2020-02-15,Saturday
677,02/16/2020,5809940.0,2020-02-16,Sunday
678,02/17/2020,6332887.0,2020-02-17,Monday
679,02/18/2020,6697723.0,2020-02-18,Tuesday
680,02/19/2020,6711839.0,2020-02-19,Wednesday
681,02/20/2020,6694016.0,2020-02-20,Thursday
682,02/21/2020,6706504.0,2020-02-21,Friday
683,02/22/2020,6167694.0,2020-02-22,Saturday
684,02/23/2020,5843390.0,2020-02-23,Sunday
685,02/24/2020,6555176.0,2020-02-24,Monday
686,02/25/2020,6654616.0,2020-02-25,Tuesday
687,02/26/2020,6657380.0,2020-02-26,Wednesday
688,02/27/2020,6762288.0,2020-02-27,Thursday
689,02/28/2020,6756160.0,2020-02-28,Friday
690,02/29/2020,5957990.0,2020-02-29,Saturday
691,03/01/2020,6010490.0,2020-03-01,Sunday
692,03/02/2020,6664773.0,2020-03-02,Monday
693,03/03/2020,6734427.0,2020-03-03,Tuesday
694,03/04/2020,6725186.0,2020-03-04,Wednesday
695,03/05/2020,6755898.0,2020-03-05,Thursday
696,03/06/2020,6655496.0,2020-03-06,Friday
697,03/07/2020,6191942.0,2020-03-07,Saturday
698,03/08/2020,5658536.0,2020-03-08,Sunday
699,03/09/2020,6680463.0,2020-03-09,Monday
700,03/10/2020,6861027.0,2020-03-10,Tuesday
701,03/11/2020,6702646.0,2020-03-11,Wednesday
702,03/12/2020,6897127.0,2020-03-12,Thursday
703,03/13/2020,6776618.0,2020-03-13,Friday
704,03/14/2020,6284537.0,2020-03-14,Saturday
705,03/15/2020,6012714.0,2020-03-15,Sunday
706,03/16/2020,6809874.0,2020-03-16,Monday
707,03/17/2020,6575734.0,2020-03-17,Tuesday
708,03/18/2020,6760006.0,2020-03-18,Wednesday
709,03/19/2020,6569281.0,2020-03-19,Thursday
710,03/20/2020,6270866.0,2020-03-20,Friday
711,03/21/2020,5858088.0,2020-03-21,Saturday
712,03/22/2020,5641697.0,2020-03-22,Sunday
713,03/23/2020,6099203.0,2020-03-23,Monday
714,03/24/2020,6212054.0,2020-03-24,Tuesday
715,03/25/2020,6106805.0,2020-03-25,Wednesday
716,03/26/2020,6062398.0,2020-03-26,Thursday
717,03/27/2020,6010349.0,2020-03-27,Friday
718,03/28/2020,5749551.0,2020-03-28,Saturday
719,03/29/2020,5474429.0,2020-03-29,Sunday
720,03/30/2020,5921137.0,2020-03-30,Monday
721,03/31/2020,5985142.0,2020-03-31,Tuesday
722,04/01/2020,5840132.0,2020-04-01,Wednesday
723,04/02/2020,5859911.0,2020-04-02,Thursday
724,04/03/2020,5761548.0,2020-04-03,Friday
725,04/04/2020,5639726.0,2020-04-04,Saturday
726,04/05/2020,5684843.0,2020-04-05,Sunday
727,04/06/2020,6223775.0,2020-04-06,Monday
728,04/07/2020,6106169.0,2020-04-07,Tuesday
729,04/08/2020,6118715.0,2020-04-08,Wednesday
730,04/09/2020,6296675.0,2020-04-09,Thursday
731,04/10/2020,5937591.0,2020-04-10,Friday
732,04/11/2020,5324575.0,2020-04-11,Saturday
733,04/12/2020,5316334.0,2020-04-12,Sunday
734,04/13/2020,5777748.0,2020-04-13,Monday
735,04/14/2020,5764182.0,2020-04-14,Tuesday
736,04/15/2020,5820272.0,2020-04-15,Wednesday
737,04/16/2020,5803203.0,2020-04-16,Thursday
738,04/17/2020,5883322.0,2020-04-17,Friday
739,04/18/2020,5567785.0,2020-04-18,Saturday
740,04/19/2020,5242117.0,2020-04-19,Sunday
741,04/20/2020,5867408.0,2020-04-20,Monday
742,04/21/2020,5779825.0,2020-04-21,Tuesday
743,04/22/2020,6078791.0,2020-04-22,Wednesday
744,04/23/2020,6380669.0,2020-04-23,Thursday
745,04/24/2020,6816610.0,2020-04-24,Friday
746,04/25/2020,6615263.0,2020-04-25,Saturday
747,04/26/2020,6124609.0,2020-04-26,Sunday
748,04/27/2020,6515635.0,2020-04-27,Monday
749,04/28/2020,6986025.0,2020-04-28,Tuesday
750,04/29/2020,6899683.0,2020-04-29,Wednesday
751,04/30/2020,6585905.0,2020-04-30,Thursday
752,05/01/2020,6416297.0,2020-05-01,Friday
753,05/02/2020,5988267.0,2020-05-02,Saturday
754,05/03/2020,5637112.0,2020-05-03,Sunday
755,05/04/2020,6420812.0,2020-05-04,Monday
756,05/05/2020,6895372.0,2020-05-05,Tuesday
757,05/06/2020,7130428.0,2020-05-06,Wednesday
758,05/07/2020,7355212.0,2020-05-07,Thursday
759,05/08/2020,7376464.0,2020-05-08,Friday
760,05/09/2020,6703915.0,2020-05-09,Saturday
761,05/10/2020,6095938.0,2020-05-10,Sunday
762,05/11/2020,6471519.0,2020-05-11,Monday
763,05/12/2020,6373867.0,2020-05-12,Tuesday
764,05/13/2020,6332498.0,2020-05-13,Wednesday
765,05/14/2020,6371618.0,2020-05-14,Thursday
766,05/15/2020,6415933.0,2020-05-15,Friday
767,05/16/2020,6270907.0,2020-05-16,Saturday
768,05/17/2020,6025588.0,2020-05-17,Sunday
769,05/18/2020,6305631.0,2020-05-18,Monday
770,05/19/2020,6067733.0,2020-05-19,Tuesday
771,05/20/2020,6174401.0,2020-05-20,Wednesday
772,05/21/2020,6537840.0,2020-05-21,Thursday
773,05/22/2020,6416230.0,2020-05-22,Friday
774,05/23/2020,5935317.0,2020-05-23,Saturday
775,05/24/2020,5986781.0,2020-05-24,Sunday
776,05/25/2020,6934470.0,2020-05-25,Monday
777,05/26/2020,8256295.0,2020-05-26,Tuesday
778,05/27/2020,8501267.0,2020-05-27,Wednesday
779,05/28/2020,8116155.0,2020-05-28,Thursday
780,05/29/2020,7474520.0,2020-05-29,Friday
781,05/30/2020,6495627.0,2020-05-30,Saturday
782,05/31/2020,6240496.0,2020-05-31,Sunday
783,06/01/2020,7158378.0,2020-06-01,Monday
784,06/02/2020,7816251.0,2020-06-02,Tuesday
785,06/03/2020,8719719.0,2020-06-03,Wednesday
786,06/04/2020,8374138.0,2020-06-04,Thursday
787,06/05/2020,7122673.0,2020-06-05,Friday
788,06/06/2020,6192486.0,2020-06-06,Saturday
789,06/07/2020,5756188.0,2020-06-07,Sunday
790,06/08/2020,6702942.0,2020-06-08,Monday
791,06/09/2020,7690875.0,2020-06-09,Tuesday
792,06/10/2020,8430712.0,2020-06-10,Wednesday
793,06/11/2020,8353816.0,2020-06-11,Thursday
794,06/12/2020,7322185.0,2020-06-12,Friday
795,06/13/2020,6407774.0,2020-06-13,Saturday
796,06/14/2020,6329999.0,2020-06-14,Sunday
797,06/15/2020,7320169.0,2020-06-15,Monday
798,06/16/2020,7102373.0,2020-06-16,Tuesday
799,06/17/2020,7239233.0,2020-06-17,Wednesday
800,06/18/2020,7517853.0,2020-06-18,Thursday
801,06/19/2020,7610708.0,2020-06-19,Friday
802,06/20/2020,7102559.0,2020-06-20,Saturday
803,06/21/2020,6970324.0,2020-06-21,Sunday
804,06/22/2020,8023509.0,2020-06-22,Monday
805,06/23/2020,8302631.0,2020-06-23,Tuesday
806,06/24/2020,8352497.0,2020-06-24,Wednesday
807,06/25/2020,8240636.0,2020-06-25,Thursday
808,06/26/2020,8307835.0,2020-06-26,Friday
809,06/27/2020,7777713.0,2020-06-27,Saturday
810,06/28/2020,6584568.0,2020-06-28,Sunday
811,06/29/2020,7086066.0,2020-06-29,Monday
812,06/30/2020,7568833.0,2020-06-30,Tuesday
813,07/01/2020,7612767.0,2020-07-01,Wednesday
814,07/02/2020,7492635.0,2020-07-02,Thursday
815,07/03/2020,7336582.0,2020-07-03,Friday
816,07/04/2020,7422883.0,2020-07-04,Saturday
817,07/05/2020,7597590.0,2020-07-05,Sunday
818,07/06/2020,8239604.0,2020-07-06,Monday
819,07/07/2020,8194371.0,2020-07-07,Tuesday
820,07/08/2020,8235434.0,2020-07-08,Wednesday
821,07/09/2020,8437205.0,2020-07-09,Thursday
822,07/10/2020,8879349.0,2020-07-10,Friday
823,07/11/2020,8989147.0,2020-07-11,Saturday
824,07/12/2020,8825490.0,2020-07-12,Sunday
825,07/13/2020,9067882.0,2020-07-13,Monday
826,07/14/2020,8475857.0,2020-07-14,Tuesday
827,07/15/2020,8310596.0,2020-07-15,Wednesday
828,07/16/2020,8260140.0,2020-07-16,Thursday
829,07/17/2020,8294174.0,2020-07-17,Friday
830,07/18/2020,7988357.0,2020-07-18,Saturday
831,07/19/2020,7638993.0,2020-07-19,Sunday
832,07/20/2020,8185427.0,2020-07-20,Monday
833,07/21/2020,8270420.0,2020-07-21,Tuesday
834,07/22/2020,7965075.0,2020-07-22,Wednesday
835,07/23/2020,7768690.0,2020-07-23,Thursday
836,07/24/2020,7825330.0,2020-07-24,Friday
837,07/25/2020,7540206.0,2020-07-25,Saturday
838,07/26/2020,7524502.0,2020-07-26,Sunday
839,07/27/2020,8247492.0,2020-07-27,Monday
840,07/28/2020,8331129.0,2020-07-28,Tuesday
841,07/29/2020,8430793.0,2020-07-29,Wednesday
842,07/30/2020,8687732.0,2020-07-30,Thursday
843,07/31/2020,8986439.0,2020-07-31,Friday
844,08/01/2020,8275402.0,2020-08-01,Saturday
845,08/02/2020,7855623.0,2020-08-02,Sunday
846,08/03/2020,8669847.0,2020-08-03,Monday
847,08/04/2020,8356541.0,2020-08-04,Tuesday
848,08/05/2020,7922024.0,2020-08-05,Wednesday
849,08/06/2020,7723160.0,2020-08-06,Thursday
850,08/07/2020,7911574.0,2020-08-07,Friday
851,08/08/2020,7739634.0,2020-08-08,Saturday
852,08/09/2020,7712885.0,2020-08-09,Sunday
853,08/10/2020,8468346.0,2020-08-10,Monday
854,08/11/2020,8320853.0,2020-08-11,Tuesday
855,08/12/2020,8717586.0,2020-08-12,Wednesday
856,08/13/2020,9368941.0,2020-08-13,Thursday
857,08/14/2020,10191567.0,2020-08-14,Friday
858,08/15/2020,10157171.0,2020-08-15,Saturday
859,08/16/2020,9791936.0,2020-08-16,Sunday
860,08/17/2020,10409795.0,2020-08-17,Monday
861,08/18/2020,10766451.0,2020-08-18,Tuesday
862,08/19/2020,10617482.0,2020-08-19,Wednesday
863,08/20/2020,9943874.0,2020-08-20,Thursday
864,08/21/2020,9816448.0,2020-08-21,Friday
865,08/22/2020,9497710.0,2020-08-22,Saturday
866,08/23/2020,9151030.0,2020-08-23,Sunday
867,08/24/2020,9861900.0,2020-08-24,Monday
868,08/25/2020,9554582.0,2020-08-25,Tuesday
869,08/26/2020,9309599.0,2020-08-26,Wednesday
870,08/27/2020,9130362.0,2020-08-27,Thursday
871,08/28/2020,8811451.0,2020-08-28,Friday
872,08/29/2020,7875598.0,2020-08-29,Saturday
873,08/30/2020,7377972.0,2020-08-30,Sunday
874,08/31/2020,8103489.0,2020-08-31,Monday
875,09/01/2020,8083118.0,2020-09-01,Tuesday
876,09/02/2020,8136257.0,2020-09-02,Wednesday
877,09/03/2020,8476369.0,2020-09-03,Thursday
878,09/04/2020,8950468.0,2020-09-04,Friday
879,09/05/2020,9627763.0,2020-09-05,Saturday
880,09/06/2020,10171423.0,2020-09-06,Sunday
881,09/07/2020,9594280.0,2020-09-07,Monday
882,09/08/2020,8789667.0,2020-09-08,Tuesday
883,09/09/2020,8202449.0,2020-09-09,Wednesday
884,09/10/2020,7752058.0,2020-09-10,Thursday
885,09/11/2020,7651685.0,2020-09-11,Friday
886,09/12/2020,7259572.0,2020-09-12,Saturday
887,09/13/2020,7068306.0,2020-09-13,Sunday
888,09/14/2020,7944175.0,2020-09-14,Monday
889,09/15/2020,8124428.0,2020-09-15,Tuesday
890,09/16/2020,8287189.0,2020-09-16,Wednesday
891,09/17/2020,8359455.0,2020-09-17,Thursday
892,09/18/2020,8467322.0,2020-09-18,Friday
893,09/19/2020,7758999.0,2020-09-19,Saturday
894,09/20/2020,7315272.0,2020-09-20,Sunday
895,09/21/2020,7933700.0,2020-09-21,Monday
896,09/22/2020,7993980.0,2020-09-22,Tuesday
897,09/23/2020,7961989.0,2020-09-23,Wednesday
898,09/24/2020,8111032.0,2020-09-24,Thursday
899,09/25/2020,7795488.0,2020-09-25,Friday
900,09/26/2020,7396800.0,2020-09-26,Saturday
901,09/27/2020,7458178.0,2020-09-27,Sunday
902,09/28/2020,8661456.0,2020-09-28,Monday
903,09/29/2020,8825948.0,2020-09-29,Tuesday
904,09/30/2020,9162223.0,2020-09-30,Wednesday
905,10/01/2020,9272495.0,2020-10-01,Thursday
906,10/02/2020,8981014.0,2020-10-02,Friday
907,10/03/2020,8121712.0,2020-10-03,Saturday
908,10/04/2020,7622583.0,2020-10-04,Sunday
909,10/05/2020,8103053.0,2020-10-05,Monday
910,10/06/2020,7901736.0,2020-10-06,Tuesday
911,10/07/2020,7666854.0,2020-10-07,Wednesday
912,10/08/2020,7361994.0,2020-10-08,Thursday
913,10/09/2020,7073506.0,2020-10-09,Friday
914,10/10/2020,6686778.0,2020-10-10,Saturday
915,10/11/2020,6435717.0,2020-10-11,Sunday
916,10/12/2020,7601232.0,2020-10-12,Monday
917,10/13/2020,8107975.0,2020-10-13,Tuesday
918,10/14/2020,8152122.0,2020-10-14,Wednesday
919,10/15/2020,8304705.0,2020-10-15,Thursday
920,10/16/2020,8333816.0,2020-10-16,Friday
921,10/17/2020,7490014.0,2020-10-17,Saturday
922,10/18/2020,7023099.0,2020-10-18,Sunday
923,10/19/2020,7554294.0,2020-10-19,Monday
924,10/20/2020,7453373.0,2020-10-20,Tuesday
925,10/21/2020,7386457.0,2020-10-21,Wednesday
926,10/22/2020,7155963.0,2020-10-22,Thursday
927,10/23/2020,6959427.0,2020-10-23,Friday
928,10/24/2020,6435048.0,2020-10-24,Saturday
929,10/25/2020,6088194.0,2020-10-25,Sunday
930,10/26/2020,6330443.0,2020-10-26,Monday
931,10/27/2020,6471658.0,2020-10-27,Tuesday
932,10/28/2020,6565368.0,2020-10-28,Wednesday
933,10/29/2020,6678051.0,2020-10-29,Thursday
934,10/30/2020,6653671.0,2020-10-30,Friday
935,10/31/2020,6155807.0,2020-10-31,Saturday
936,11/01/2020,5834873.0,2020-11-01,Sunday
937,11/02/2020,6749943.0,2020-11-02,Monday
938,11/03/2020,6808277.0,2020-11-03,Tuesday
939,11/04/2020,6919554.0,2020-11-04,Wednesday
940,11/05/2020,7037647.0,2020-11-05,Thursday
941,11/06/2020,6752980.0,2020-11-06,Friday
942,11/07/2020,6064642.0,2020-11-07,Saturday
943,11/08/2020,5962848.0,2020-11-08,Sunday
944,11/09/2020,6686121.0,2020-11-09,Monday
945,11/10/2020,6825732.0,2020-11-10,Tuesday
946,11/11/2020,6700156.0,2020-11-11,Wednesday
947,11/12/2020,6721231.0,2020-11-12,Thursday
948,11/13/2020,6790882.0,2020-11-13,Friday
949,11/14/2020,6148911.0,2020-11-14,Saturday
950,11/15/2020,5959049.0,2020-11-15,Sunday
951,11/16/2020,6602647.0,2020-11-16,Monday
952,11/17/2020,6741211.0,2020-11-17,Tuesday
953,11/18/2020,6666523.0,2020-11-18,Wednesday
954,11/19/2020,6683739.0,2020-11-19,Thursday
955,11/20/2020,6762400.0,2020-11-20,Friday
956,11/21/2020,6282092.0,2020-11-21,Saturday
957,11/22/2020,6112400.0,2020-11-22,Sunday
958,11/23/2020,6769379.0,2020-11-23,Monday
959,11/24/2020,6838950.0,2020-11-24,Tuesday
960,11/25/2020,6790537.0,2020-11-25,Wednesday
961,11/26/2020,6200848.0,2020-11-26,Thursday
962,11/27/2020,6249415.0,2020-11-27,Friday
963,11/28/2020,6283484.0,2020-11-28,Saturday
964,11/29/2020,6223684.0,2020-11-29,Sunday
965,11/30/2020,6938073.0,2020-11-30,Monday
966,12/01/2020,7048995.0,2020-12-01,Tuesday
967,12/02/2020,7008757.0,2020-12-02,Wednesday
968,12/03/2020,6955482.0,2020-12-03,Thursday
969,12/04/2020,6984051.0,2020-12-04,Friday
970,12/05/2020,6627916.0,2020-12-05,Saturday
971,12/06/2020,6388927.0,2020-12-06,Sunday
972,12/07/2020,7093368.0,2020-12-07,Monday
973,12/08/2020,7005282.0,2020-12-08,Tuesday
974,12/09/2020,6989141.0,2020-12-09,Wednesday
975,12/10/2020,7001459.0,2020-12-10,Thursday
976,12/11/2020,7146554.0,2020-12-11,Friday
977,12/12/2020,6738320.0,2020-12-12,Saturday
978,12/13/2020,6524839.0,2020-12-13,Sunday
979,12/14/2020,6957966.0,2020-12-14,Monday
980,12/15/2020,7094929.0,2020-12-15,Tuesday
981,12/16/2020,7110367.0,2020-12-16,Wednesday
982,12/17/2020,7031209.0,2020-12-17,Thursday
983,12/18/2020,6984074.0,2020-12-18,Friday
984,12/19/2020,6602445.0,2020-12-19,Saturday
985,12/20/2020,6467741.0,2020-12-20,Sunday
986,12/21/2020,6962293.0,2020-12-21,Monday
987,12/22/2020,6939688.0,2020-12-22,Tuesday
988,12/23/2020,7027449.0,2020-12-23,Wednesday
989,12/24/2020,6777373.0,2020-12-24,Thursday
990,12/25/2020,6156445.0,2020-12-25,Friday
991,12/26/2020,6097318.0,2020-12-26,Saturday
992,12/27/2020,6236553.0,2020-12-27,Sunday
993,12/28/2020,6870265.0,2020-12-28,Monday
994,12/29/2020,6751000.0,2020-12-29,Tuesday
995,12/30/2020,6761370.0,2020-12-30,Wednesday
996,12/31/2020,6496121.0,2020-12-31,Thursday
997,01/01/2021,6031501.0,2021-01-01,Friday
998,01/02/2021,6234914.0,2021-01-02,Saturday
999,01/03/2021,6098817.0,2021-01-03,Sunday
1000,01/04/2021,6715014.0,2021-01-04,Monday
1001,01/05/2021,6761909.0,2021-01-05,Tuesday
1002,01/06/2021,6915309.0,2021-01-06,Wednesday
1003,01/07/2021,6883534.0,2021-01-07,Thursday
1004,01/08/2021,6811605.0,2021-01-08,Friday
1005,01/09/2021,6347341.0,2021-01-09,Saturday
1006,01/10/2021,6192153.0,2021-01-10,Sunday
1007,01/11/2021,6757626.0,2021-01-11,Monday
1008,01/12/2021,6919468.0,2021-01-12,Tuesday
1009,01/13/2021,6722618.0,2021-01-13,Wednesday
1010,01/14/2021,6652027.0,2021-01-14,Thursday
1011,01/15/2021,6627653.0,2021-01-15,Friday
1012,01/16/2021,6081701.0,2021-01-16,Saturday
1013,01/17/2021,5883286.0,2021-01-17,Sunday
1014,01/18/2021,6303475.0,2021-01-18,Monday
1015,01/19/2021,6514763.0,2021-01-19,Tuesday
1016,01/20/2021,6557528.0,2021-01-20,Wednesday
1017,01/21/2021,6580899.0,2021-01-21,Thursday
1018,01/22/2021,6791878.0,2021-01-22,Friday
1019,01/23/2021,6496871.0,2021-01-23,Saturday
1020,01/24/2021,6355188.0,2021-01-24,Sunday
1021,01/25/2021,6969232.0,2021-01-25,Monday
1022,01/26/2021,7076990.0,2021-01-26,Tuesday
1023,01/27/2021,6999588.0,2021-01-27,Wednesday
1024,01/28/2021,6892062.0,2021-01-28,Thursday
1025,01/29/2021,6777499.0,2021-01-29,Friday
1026,01/30/2021,6078749.0,2021-01-30,Saturday
1027,01/31/2021,5898583.0,2021-01-31,Sunday
1028,02/01/2021,6456075.0,2021-02-01,Monday
1029,02/02/2021,6399241.0,2021-02-02,Tuesday
1030,02/03/2021,6504374.0,2021-02-03,Wednesday
1031,02/04/2021,6517675.0,2021-02-04,Thursday
1032,02/05/2021,6419984.0,2021-02-05,Friday
1033,02/06/2021,5894736.0,2021-02-06,Saturday
1034,02/07/2021,5696867.0,2021-02-07,Sunday
1035,02/08/2021,6428823.0,2021-02-08,Monday
1036,02/09/2021,6669535.0,2021-02-09,Tuesday
1037,02/10/2021,6454901.0,2021-02-10,Wednesday
1038,02/11/2021,6648803.0,2021-02-11,Thursday
1039,02/12/2021,6333342.0,2021-02-12,Friday
1040,02/13/2021,5942157.0,2021-02-13,Saturday
1041,02/14/2021,5830250.0,2021-02-14,Sunday
1042,02/15/2021,6438194.0,2021-02-15,Monday
1043,02/16/2021,6488760.0,2021-02-16,Tuesday
1044,02/17/2021,6488211.0,2021-02-17,Wednesday
1045,02/18/2021,6518234.0,2021-02-18,Thursday
1046,02/19/2021,6457580.0,2021-02-19,Friday
1047,02/20/2021,5882656.0,2021-02-20,Saturday
1048,02/21/2021,5642251.0,2021-02-21,Sunday
1049,02/22/2021,6301857.0,2021-02-22,Monday
1050,02/23/2021,6323925.0,2021-02-23,Tuesday
1051,02/24/2021,6382190.0,2021-02-24,Wednesday
1052,02/25/2021,6381669.0,2021-02-25,Thursday
1053,02/26/2021,6376620.0,2021-02-26,Friday
1054,02/27/2021,5895079.0,2021-02-27,Saturday
1055,02/28/2021,5651252.0,2021-02-28,Sunday
1056,03/01/2021,6376895.0,2021-03-01,Monday
1057,03/02/2021,6509896.0,2021-03-02,Tuesday
1058,03/03/2021,6931852.0,2021-03-03,Wednesday
1059,03/04/2021,6552765.0,2021-03-04,Thursday
1060,03/05/2021,6465919.0,2021-03-05,Friday
1061,03/06/2021,5873891.0,2021-03-06,Saturday
1062,03/07/2021,5841286.0,2021-03-07,Sunday
1063,03/08/2021,6565791.0,2021-03-08,Monday
1064,03/09/2021,6758155.0,2021-03-09,Tuesday
1065,03/10/2021,6940731.0,2021-03-10,Wednesday
1066,03/11/2021,6795599.0,2021-03-11,Thursday
1067,03/12/2021,6616842.0,2021-03-12,Friday
1068,03/13/2021,5971951.0,2021-03-13,Saturday
1069,03/14/2021,5715246.0,2021-03-14,Sunday
1070,03/15/2021,6788684.0,2021-03-15,Monday
1071,03/16/2021,6638960.0,2021-03-16,Tuesday
1072,03/17/2021,6721777.0,2021-03-17,Wednesday
1073,03/18/2021,6679360.0,2021-03-18,Thursday
1074,03/19/2021,6462281.0,2021-03-19,Friday
1075,03/20/2021,5760651.0,2021-03-20,Saturday
1076,03/21/2021,5506355.0,2021-03-21,Sunday
1077,03/22/2021,6215866.0,2021-03-22,Monday
1078,03/23/2021,6300991.0,2021-03-23,Tuesday
1079,03/24/2021,6297493.0,2021-03-24,Wednesday
1080,03/25/2021,6463575.0,2021-03-25,Thursday
1081,03/26/2021,6234044.0,2021-03-26,Friday
1082,03/27/2021,5753710.0,2021-03-27,Saturday
1083,03/28/2021,5631339.0,2021-03-28,Sunday
1084,03/29/2021,6280986.0,2021-03-29,Monday
1085,03/30/2021,6396495.0,2021-03-30,Tuesday
1086,03/31/2021,6581262.0,2021-03-31,Wednesday
1087,04/01/2021,6708504.0,2021-04-01,Thursday
1088,04/02/2021,6387424.0,2021-04-02,Friday
1089,04/03/2021,5865561.0,2021-04-03,Saturday
1090,04/04/2021,5575104.0,2021-04-04,Sunday
1091,04/05/2021,6333375.0,2021-04-05,Monday
1092,04/06/2021,6462796.0,2021-04-06,Tuesday
1093,04/07/2021,6586913.0,2021-04-07,Wednesday
1094,04/08/2021,6540732.0,2021-04-08,Thursday
1095,04/09/2021,6489191.0,2021-04-09,Friday
1096,04/10/2021,6000854.0,2021-04-10,Saturday
1097,04/11/2021,5761145.0,2021-04-11,Sunday
1098,04/12/2021,6491996.0,2021-04-12,Monday
1099,04/13/2021,6608252.0,2021-04-13,Tuesday
1100,04/14/2021,6417010.0,2021-04-14,Wednesday
1101,04/15/2021,6429677.0,2021-04-15,Thursday
1102,04/16/2021,6409634.0,2021-04-16,Friday
1103,04/17/2021,5933848.0,2021-04-17,Saturday
1104,04/18/2021,5791699.0,2021-04-18,Sunday
1105,04/19/2021,6697377.0,2021-04-19,Monday
1106,04/20/2021,6616210.0,2021-04-20,Tuesday
1107,04/21/2021,6605181.0,2021-04-21,Wednesday
1108,04/22/2021,6677567.0,2021-04-22,Thursday
1109,04/23/2021,6565056.0,2021-04-23,Friday
1110,04/24/2021,5992669.0,2021-04-24,Saturday
1111,04/25/2021,5848792.0,2021-04-25,Sunday
1112,04/26/2021,6337694.0,2021-04-26,Monday
1113,04/27/2021,6339601.0,2021-04-27,Tuesday
1114,04/28/2021,6562243.0,2021-04-28,Wednesday
1115,04/29/2021,6931922.0,2021-04-29,Thursday
1116,04/30/2021,7187076.0,2021-04-30,Friday
1117,05/01/2021,6235776.0,2021-05-01,Saturday
1118,05/02/2021,5800729.0,2021-05-02,Sunday
1119,05/03/2021,6703187.0,2021-05-03,Monday
1120,05/04/2021,7177616.0,2021-05-04,Tuesday
1121,05/05/2021,7390766.0,2021-05-05,Wednesday
1122,05/06/2021,7024702.0,2021-05-06,Thursday
1123,05/07/2021,6763585.0,2021-05-07,Friday
1124,05/08/2021,6236791.0,2021-05-08,Saturday
1125,05/09/2021,5994272.0,2021-05-09,Sunday
1126,05/10/2021,6908320.0,2021-05-10,Monday
1127,05/11/2021,7137809.0,2021-05-11,Tuesday
1128,05/12/2021,7284684.0,2021-05-12,Wednesday
1129,05/13/2021,7191763.0,2021-05-13,Thursday
1130,05/14/2021,6985824.0,2021-05-14,Friday
1131,05/15/2021,6225430.0,2021-05-15,Saturday
1132,05/16/2021,5917848.0,2021-05-16,Sunday
1133,05/17/2021,6728802.0,2021-05-17,Monday
1134,05/18/2021,6849114.0,2021-05-18,Tuesday
1135,05/19/2021,6768164.0,2021-05-19,Wednesday
1136,05/20/2021,6563098.0,2021-05-20,Thursday
1137,05/21/2021,6412569.0,2021-05-21,Friday
1138,05/22/2021,5902045.0,2021-05-22,Saturday
1139,05/23/2021,5710718.0,2021-05-23,Sunday
1140,05/24/2021,6918914.0,2021-05-24,Monday
1141,05/25/2021,7236471.0,2021-05-25,Tuesday
1142,05/26/2021,7193901.0,2021-05-26,Wednesday
1143,05/27/2021,7043182.0,2021-05-27,Thursday
1144,05/28/2021,7130057.0,2021-05-28,Friday
1145,05/29/2021,6432794.0,2021-05-29,Saturday
1146,05/30/2021,6372278.0,2021-05-30,Sunday
1147,05/31/2021,7113834.0,2021-05-31,Monday
1148,06/01/2021,7944154.0,2021-06-01,Tuesday
1149,06/02/2021,7989039.0,2021-06-02,Wednesday
1150,06/03/2021,8022642.0,2021-06-03,Thursday
1151,06/04/2021,7914809.0,2021-06-04,Friday
1152,06/05/2021,7171766.0,2021-06-05,Saturday
1153,06/06/2021,6626520.0,2021-06-06,Sunday
1154,06/07/2021,6989352.0,2021-06-07,Monday
1155,06/08/2021,6797214.0,2021-06-08,Tuesday
1156,06/09/2021,6800132.0,2021-06-09,Wednesday
1157,06/10/2021,6734552.0,2021-06-10,Thursday
1158,06/11/2021,7007345.0,2021-06-11,Friday
1159,06/12/2021,7108651.0,2021-06-12,Saturday
1160,06/13/2021,7116205.0,2021-06-13,Sunday
1161,06/14/2021,8164096.0,2021-06-14,Monday
1162,06/15/2021,8680842.0,2021-06-15,Tuesday
1163,06/16/2021,8978649.0,2021-06-16,Wednesday
1164,06/17/2021,9310408.0,2021-06-17,Thursday
1165,06/18/2021,9385746.0,2021-06-18,Friday
1166,06/19/2021,8483291.0,2021-06-19,Saturday
1167,06/20/2021,7762673.0,2021-06-20,Sunday
1168,06/21/2021,8212938.0,2021-06-21,Monday
1169,06/22/2021,8126622.0,2021-06-22,Tuesday
1170,06/23/2021,8076285.0,2021-06-23,Wednesday
1171,06/24/2021,7809799.0,2021-06-24,Thursday
1172,06/25/2021,7879421.0,2021-06-25,Friday
1173,06/26/2021,7911377.0,2021-06-26,Saturday
1174,06/27/2021,7990839.0,2021-06-27,Sunday
1175,06/28/2021,8694893.0,2021-06-28,Monday
1176,06/29/2021,8665275.0,2021-06-29,Tuesday
1177,06/30/2021,8745167.0,2021-06-30,Wednesday
1178,07/01/2021,8738619.0,2021-07-01,Thursday
1179,07/02/2021,8639736.0,2021-07-02,Friday
1180,07/03/2021,8639736.0,2021-07-03,Saturday
1181,07/04/2021,7365016.0,2021-07-04,Sunday
1182,07/05/2021,7724133.0,2021-07-05,Monday
1183,07/06/2021,8298320.0,2021-07-06,Tuesday
1184,07/07/2021,8613327.0,2021-07-07,Wednesday
1185,07/08/2021,9227799.0,2021-07-08,Thursday
1186,07/09/2021,9761747.0,2021-07-09,Friday
1187,07/10/2021,9242657.0,2021-07-10,Saturday
1188,07/11/2021,8579827.0,2021-07-11,Sunday
1189,07/12/2021,8929470.0,2021-07-12,Monday
1190,07/13/2021,9035770.0,2021-07-13,Tuesday
1191,07/14/2021,8937205.0,2021-07-14,Wednesday
1192,07/15/2021,8809841.0,2021-07-15,Thursday
1193,07/16/2021,8635988.0,2021-07-16,Friday
1194,07/17/2021,8329567.0,2021-07-17,Saturday
1195,07/18/2021,8449189.0,2021-07-18,Sunday
1196,07/19/2021,9446574.0,2021-07-19,Monday
1197,07/20/2021,9366133.0,2021-07-20,Tuesday
1198,07/21/2021,9382379.0,2021-07-21,Wednesday
1199,07/22/2021,9215969.0,2021-07-22,Thursday
1200,07/23/2021,9012483.0,2021-07-23,Friday
1201,07/24/2021,8232230.0,2021-07-24,Saturday
1202,07/25/2021,7875113.0,2021-07-25,Sunday
1203,07/26/2021,8430581.0,2021-07-26,Monday
1204,07/27/2021,8947110.0,2021-07-27,Tuesday
1205,07/28/2021,9223112.0,2021-07-28,Wednesday
1206,07/29/2021,9364662.0,2021-07-29,Thursday
1207,07/30/2021,9279349.0,2021-07-30,Friday
1208,07/31/2021,8483896.0,2021-07-31,Saturday
1209,08/01/2021,8033490.0,2021-08-01,Sunday
1210,08/02/2021,8913327.0,2021-08-02,Monday
1211,08/03/2021,9140735.0,2021-08-03,Tuesday
1212,08/04/2021,9191629.0,2021-08-04,Wednesday
1213,08/05/2021,9012639.0,2021-08-05,Thursday
1214,08/06/2021,8743504.0,2021-08-06,Friday
1215,08/07/2021,8014805.0,2021-08-07,Saturday
1216,08/08/2021,7739021.0,2021-08-08,Sunday
1217,08/09/2021,8754036.0,2021-08-09,Monday
1218,08/10/2021,9218811.0,2021-08-10,Tuesday
1219,08/11/2021,9506665.0,2021-08-11,Wednesday
1220,08/12/2021,9492619.0,2021-08-12,Thursday
1221,08/13/2021,9195554.0,2021-08-13,Friday
1222,08/14/2021,8632634.0,2021-08-14,Saturday
1223,08/15/2021,8571236.0,2021-08-15,Sunday
1224,08/16/2021,9595189.0,2021-08-16,Monday
1225,08/17/2021,9140771.0,2021-08-17,Tuesday
1226,08/18/2021,8273447.0,2021-08-18,Wednesday
1227,08/19/2021,8217546.0,2021-08-19,Thursday
1228,08/20/2021,8048332.0,2021-08-20,Friday
1229,08/21/2021,7184709.0,2021-08-21,Saturday
1230,08/22/2021,6905232.0,2021-08-22,Sunday
1231,08/23/2021,7770398.0,2021-08-23,Monday
1232,08/24/2021,7982302.0,2021-08-24,Tuesday
1233,08/25/2021,8357847.0,2021-08-25,Wednesday
1234,08/26/2021,8843626.0,2021-08-26,Thursday
1235,08/27/2021,9087498.0,2021-08-27,Friday
1236,08/28/2021,8628135.0,2021-08-28,Saturday
1237,08/29/2021,8334039.0,2021-08-29,Sunday
1238,08/30/2021,8920481.0,2021-08-30,Monday
1239,08/31/2021,8366413.0,2021-08-31,Tuesday
1240,09/01/2021,7856205.0,2021-09-01,Wednesday
1241,09/02/2021,7766553.0,2021-09-02,Thursday
1242,09/03/2021,7893115.0,2021-09-03,Friday
1243,09/04/2021,7716920.0,2021-09-04,Saturday
1244,09/05/2021,7893824.0,2021-09-05,Sunday
1245,09/06/2021,8423836.0,2021-09-06,Monday
1246,09/07/2021,9232733.0,2021-09-07,Tuesday
1247,09/08/2021,9483457.0,2021-09-08,Wednesday
1248,09/09/2021,9654134.0,2021-09-09,Thursday
1249,09/10/2021,9253072.0,2021-09-10,Friday
1250,09/11/2021,8548381.0,2021-09-11,Saturday
1251,09/12/2021,8066428.0,2021-09-12,Sunday
1252,09/13/2021,8582211.0,2021-09-13,Monday
1253,09/14/2021,8363877.0,2021-09-14,Tuesday
1254,09/15/2021,8022789.0,2021-09-15,Wednesday
1255,09/16/2021,7633969.0,2021-09-16,Thursday
1256,09/17/2021,7504581.0,2021-09-17,Friday
1257,09/18/2021,6931262.0,2021-09-18,Saturday
1258,09/19/2021,6574161.0,2021-09-19,Sunday
1259,09/20/2021,7679245.0,2021-09-20,Monday
1260,09/21/2021,8716095.0,2021-09-21,Tuesday
1261,09/22/2021,8937041.0,2021-09-22,Wednesday
1262,09/23/2021,8421369.0,2021-09-23,Thursday
1263,09/24/2021,8045411.0,2021-09-24,Friday
1264,09/25/2021,7253998.0,2021-09-25,Saturday
1265,09/26/2021,6650818.0,2021-09-26,Sunday
1266,09/27/2021,7264452.0,2021-09-27,Monday
1267,09/28/2021,7128519.0,2021-09-28,Tuesday
1268,09/29/2021,7080768.0,2021-09-29,Wednesday
1269,09/30/2021,7386694.0,2021-09-30,Thursday
1270,10/01/2021,7604021.0,2021-10-01,Friday
1271,10/02/2021,7241786.0,2021-10-02,Saturday
1272,10/03/2021,7158570.0,2021-10-03,Sunday
1273,10/04/2021,7778748.0,2021-10-04,Monday
1274,10/05/2021,7617614.0,2021-10-05,Tuesday
1275,10/06/2021,7352667.0,2021-10-06,Wednesday
1276,10/07/2021,7203439.0,2021-10-07,Thursday
1277,10/08/2021,6858281.0,2021-10-08,Friday
1278,10/09/2021,6146559.0,2021-10-09,Saturday
1279,10/10/2021,6047572.0,2021-10-10,Sunday
1280,10/11/2021,6574823.0,2021-10-11,Monday
1281,10/12/2021,6545264.0,2021-10-12,Tuesday
1282,10/13/2021,6694290.0,2021-10-13,Wednesday
1283,10/14/2021,6756268.0,2021-10-14,Thursday
1284,10/15/2021,6922102.0,2021-10-15,Friday
1285,10/16/2021,6447936.0,2021-10-16,Saturday
1286,10/17/2021,6040557.0,2021-10-17,Sunday
1287,10/18/2021,6721374.0,2021-10-18,Monday
1288,10/19/2021,6692985.0,2021-10-19,Tuesday
1289,10/20/2021,6897015.0,2021-10-20,Wednesday
1290,10/21/2021,6969400.0,2021-10-21,Thursday
1291,10/22/2021,6782769.0,2021-10-22,Friday
1292,10/23/2021,6280988.0,2021-10-23,Saturday
1293,10/24/2021,6229611.0,2021-10-24,Sunday
1294,10/25/2021,6716048.0,2021-10-25,Monday
1295,10/26/2021,6600410.0,2021-10-26,Tuesday
1296,10/27/2021,6713541.0,2021-10-27,Wednesday
1297,10/28/2021,6989104.0,2021-10-28,Thursday
1298,10/29/2021,6916046.0,2021-10-29,Friday
1299,10/30/2021,6243985.0,2021-10-30,Saturday
1300,10/31/2021,5970239.0,2021-10-31,Sunday
1301,11/01/2021,6754913.0,2021-11-01,Monday
1302,11/02/2021,6686602.0,2021-11-02,Tuesday
1303,11/03/2021,6679009.0,2021-11-03,Wednesday
1304,11/04/2021,6743918.0,2021-11-04,Thursday
1305,11/05/2021,6655160.0,2021-11-05,Friday
1306,11/06/2021,6182029.0,2021-11-06,Saturday
1307,11/07/2021,5916306.0,2021-11-07,Sunday
1308,11/08/2021,6610467.0,2021-11-08,Monday
1309,11/09/2021,6825712.0,2021-11-09,Tuesday
1310,11/10/2021,6770250.0,2021-11-10,Wednesday
1311,11/11/2021,6886833.0,2021-11-11,Thursday
1312,11/12/2021,7085060.0,2021-11-12,Friday
1313,11/13/2021,6464479.0,2021-11-13,Saturday
1314,11/14/2021,6226962.0,2021-11-14,Sunday
1315,11/15/2021,6871422.0,2021-11-15,Monday
1316,11/16/2021,6790520.0,2021-11-16,Tuesday
1317,11/17/2021,6757421.0,2021-11-17,Wednesday
1318,11/18/2021,6806265.0,2021-11-18,Thursday
1319,11/19/2021,6773342.0,2021-11-19,Friday
1320,11/20/2021,6210001.0,2021-11-20,Saturday
1321,11/21/2021,6051756.0,2021-11-21,Sunday
1322,11/22/2021,6780982.0,2021-11-22,Monday
1323,11/23/2021,6764083.0,2021-11-23,Tuesday
1324,11/24/2021,6679928.0,2021-11-24,Wednesday
1325,11/25/2021,5950449.0,2021-11-25,Thursday
1326,11/26/2021,6043699.0,2021-11-26,Friday
1327,11/27/2021,6003057.0,2021-11-27,Saturday
1328,11/28/2021,5983091.0,2021-11-28,Sunday
1329,11/29/2021,6758739.0,2021-11-29,Monday
1330,11/30/2021,6858284.0,2021-11-30,Tuesday
1331,12/01/2021,6895533.0,2021-12-01,Wednesday
1332,12/02/2021,6885800.0,2021-12-02,Thursday
1333,12/03/2021,6859323.0,2021-12-03,Friday
1334,12/04/2021,6509847.0,2021-12-04,Saturday
1335,12/05/2021,6403180.0,2021-12-05,Sunday
1336,12/06/2021,7185442.0,2021-12-06,Monday
1337,12/07/2021,7184147.0,2021-12-07,Tuesday
1338,12/08/2021,7164360.0,2021-12-08,Wednesday
1339,12/09/2021,7246630.0,2021-12-09,Thursday
1340,12/10/2021,7133621.0,2021-12-10,Friday
1341,12/11/2021,6664404.0,2021-12-11,Saturday
1342,12/12/2021,6646096.0,2021-12-12,Sunday
1343,12/13/2021,7550455.0,2021-12-13,Monday
1344,12/14/2021,7618952.0,2021-12-14,Tuesday
1345,12/15/2021,7537221.0,2021-12-15,Wednesday
1346,12/16/2021,7509727.0,2021-12-16,Thursday
1347,12/17/2021,7329455.0,2021-12-17,Friday
1348,12/18/2021,7032970.0,2021-12-18,Saturday
1349,12/19/2021,6953470.0,2021-12-19,Sunday
1350,12/20/2021,7520485.0,2021-12-20,Monday
1351,12/21/2021,7401891.0,2021-12-21,Tuesday
1352,12/22/2021,7339288.0,2021-12-22,Wednesday
1353,12/23/2021,7222059.0,2021-12-23,Thursday
1354,12/24/2021,6436591.0,2021-12-24,Friday
1355,12/25/2021,6337634.0,2021-12-25,Saturday
1356,12/26/2021,6372101.0,2021-12-26,Sunday
1357,12/27/2021,7098254.0,2021-12-27,Monday
1358,12/28/2021,7243624.0,2021-12-28,Tuesday
1359,12/29/2021,7366777.0,2021-12-29,Wednesday
1360,12/30/2021,7047937.0,2021-12-30,Thursday
1361,12/31/2021,6590078.0,2021-12-31,Friday
1362,01/01/2022,6228717.0,2022-01-01,Saturday
1363,01/02/2022,6394833.0,2022-01-02,Sunday
1364,01/03/2022,7054953.0,2022-01-03,Monday
1365,01/04/2022,6993895.0,2022-01-04,Tuesday
1366,01/05/2022,6903371.0,2022-01-05,Wednesday
1367,01/06/2022,6904184.0,2022-01-06,Thursday
1368,01/07/2022,6988802.0,2022-01-07,Friday
1369,01/08/2022,6366574.0,2022-01-08,Saturday
1370,01/09/2022,6183482.0,2022-01-09,Sunday
1371,01/10/2022,6878297.0,2022-01-10,Monday
1372,01/11/2022,6794368.0,2022-01-11,Tuesday
1373,01/12/2022,6867748.0,2022-01-12,Wednesday
1374,01/13/2022,6940015.0,2022-01-13,Thursday
1375,01/14/2022,6725816.0,2022-01-14,Friday
1376,01/15/2022,6462996.0,2022-01-15,Saturday
1377,01/16/2022,6036227.0,2022-01-16,Sunday
1378,01/17/2022,6642571.0,2022-01-17,Monday
1379,01/18/2022,6668689.0,2022-01-18,Tuesday
1380,01/19/2022,6706672.0,2022-01-19,Wednesday
1381,01/20/2022,6677589.0,2022-01-20,Thursday
1382,01/21/2022,6674408.0,2022-01-21,Friday
1383,01/22/2022,6086337.0,2022-01-22,Saturday
1384,01/23/2022,5956309.0,2022-01-23,Sunday
1385,01/24/2022,6638385.0,2022-01-24,Monday
1386,01/25/2022,6743012.0,2022-01-25,Tuesday
1387,01/26/2022,6802424.0,2022-01-26,Wednesday
1388,01/27/2022,6814736.0,2022-01-27,Thursday
1389,01/28/2022,6818285.0,2022-01-28,Friday
1390,01/29/2022,6450674.0,2022-01-29,Saturday
1391,01/30/2022,6052928.0,2022-01-30,Sunday
1392,01/31/2022,6984848.0,2022-01-31,Monday
1393,02/01/2022,6828661.0,2022-02-01,Tuesday
1394,02/02/2022,6775511.0,2022-02-02,Wednesday
1395,02/03/2022,6827668.0,2022-02-03,Thursday
1396,02/04/2022,6690264.0,2022-02-04,Friday
1397,02/05/2022,6174333.0,2022-02-05,Saturday
1398,02/06/2022,5891963.0,2022-02-06,Sunday
1399,02/07/2022,6578625.0,2022-02-07,Monday
1400,02/08/2022,6615780.0,2022-02-08,Tuesday
1401,02/09/2022,6615780.0,2022-02-09,Wednesday
1402,02/10/2022,6697369.0,2022-02-10,Thursday
1403,02/11/2022,6588891.0,2022-02-11,Friday
1404,02/12/2022,6060498.0,2022-02-12,Saturday
1405,02/13/2022,5803401.0,2022-02-13,Sunday
1406,02/14/2022,6429394.0,2022-02-14,Monday
1407,02/15/2022,6624477.0,2022-02-15,Tuesday
1408,02/16/2022,6551235.0,2022-02-16,Wednesday
1409,02/17/2022,6532427.0,2022-02-17,Thursday
1410,02/18/2022,6500588.0,2022-02-18,Friday
1411,02/19/2022,5932712.0,2022-02-19,Saturday
1412,02/20/2022,5703263.0,2022-02-20,Sunday
1413,02/21/2022,6349753.0,2022-02-21,Monday
1414,02/22/2022,6915356.0,2022-02-22,Tuesday
1415,02/23/2022,6915356.0,2022-02-23,Wednesday
1416,02/24/2022,6977113.0,2022-02-24,Thursday
1417,02/25/2022,6810251.0,2022-02-25,Friday
1418,02/26/2022,6254515.0,2022-02-26,Saturday
1419,02/27/2022,5762478.0,2022-02-27,Sunday
1420,02/28/2022,6487842.0,2022-02-28,Monday
1421,03/01/2022,6610397.0,2022-03-01,Tuesday
1422,03/02/2022,6586510.0,2022-03-02,Wednesday
1423,03/03/2022,6631218.0,2022-03-03,Thursday
1424,03/04/2022,6636158.0,2022-03-04,Friday
1425,03/05/2022,6142771.0,2022-03-05,Saturday
1426,03/06/2022,5827350.0,2022-03-06,Sunday
1427,03/07/2022,6460883.0,2022-03-07,Monday
1428,03/08/2022,6452534.0,2022-03-08,Tuesday
1429,03/09/2022,6411974.0,2022-03-09,Wednesday
1430,03/10/2022,6423279.0,2022-03-10,Thursday
1431,03/11/2022,6377514.0,2022-03-11,Friday
1432,03/12/2022,5846505.0,2022-03-12,Saturday
1433,03/13/2022,5350644.0,2022-03-13,Sunday
1434,03/14/2022,6381922.0,2022-03-14,Monday
1435,03/15/2022,6572150.0,2022-03-15,Tuesday
1436,03/16/2022,6407639.0,2022-03-16,Wednesday
1437,03/17/2022,6568704.0,2022-03-17,Thursday
1438,03/18/2022,6416437.0,2022-03-18,Friday
1439,03/19/2022,6049955.0,2022-03-19,Saturday
1440,03/20/2022,5543664.0,2022-03-20,Sunday
1441,03/21/2022,6305227.0,2022-03-21,Monday
1442,03/22/2022,6596579.0,2022-03-22,Tuesday
1443,03/23/2022,6707955.0,2022-03-23,Wednesday
1444,03/24/2022,6731143.0,2022-03-24,Thursday
1445,03/25/2022,6630689.0,2022-03-25,Friday
1446,03/26/2022,5931986.0,2022-03-26,Saturday
1447,03/27/2022,5636149.0,2022-03-27,Sunday
1448,03/28/2022,6406528.0,2022-03-28,Monday
1449,03/29/2022,6202965.0,2022-03-29,Tuesday
1450,03/30/2022,6241220.0,2022-03-30,Wednesday
1451,03/31/2022,6346765.0,2022-03-31,Thursday
1452,04/01/2022,6242153.0,2022-04-01,Friday
1453,04/02/2022,5850407.0,2022-04-02,Saturday
1454,04/03/2022,5630434.0,2022-04-03,Sunday
1455,04/04/2022,6290505.0,2022-04-04,Monday
1456,04/05/2022,6466366.0,2022-04-05,Tuesday
1457,04/06/2022,6896385.0,2022-04-06,Wednesday
1458,04/07/2022,7392168.0,2022-04-07,Thursday
1459,04/08/2022,7638350.0,2022-04-08,Friday
1460,04/09/2022,6268305.0,2022-04-09,Saturday
1461,04/10/2022,5659203.0,2022-04-10,Sunday
1462,04/11/2022,6400216.0,2022-04-11,Monday
1463,04/12/2022,6235282.0,2022-04-12,Tuesday
1464,04/13/2022,6372919.0,2022-04-13,Wednesday
1465,04/14/2022,6533991.0,2022-04-14,Thursday
1466,04/15/2022,6190185.0,2022-04-15,Friday
1467,04/16/2022,5792827.0,2022-04-16,Saturday
1468,04/17/2022,5352765.0,2022-04-17,Sunday
1469,04/18/2022,6370665.0,2022-04-18,Monday
1470,04/19/2022,6469656.0,2022-04-19,Tuesday
1471,04/20/2022,6394037.0,2022-04-20,Wednesday
1472,04/21/2022,6406193.0,2022-04-21,Thursday
1473,04/22/2022,6176289.0,2022-04-22,Friday
1474,04/23/2022,5620620.0,2022-04-23,Saturday
1475,04/24/2022,5601983.0,2022-04-24,Sunday
1476,04/25/2022,6594928.0,2022-04-25,Monday
1477,04/26/2022,6626732.0,2022-04-26,Tuesday
1478,04/27/2022,6485403.0,2022-04-27,Wednesday
1479,04/28/2022,6428172.0,2022-04-28,Thursday
1480,04/29/2022,6350019.0,2022-04-29,Friday
1481,04/30/2022,5941988.0,2022-04-30,Saturday
1482,05/01/2022,5602391.0,2022-05-01,Sunday
1483,05/02/2022,6418406.0,2022-05-02,Monday
1484,05/03/2022,6544626.0,2022-05-03,Tuesday
1485,05/04/2022,6777355.0,2022-05-04,Wednesday
1486,05/05/2022,3144946.0,2022-05-05,Thursday
